"V1","V2","V3","V4","V5","V6","V7","V8","V9","V10","V11","V12","V13","V14","V15","V16","V17","V18","V19","V20","V21","V22","V23","V24","V25","V26","V27","V28","V29","V30","V31","V32","V33","V34","V35","V36","V37","V38","V39","V40","V41","V42","V43","V44","V45","V46","V47","V48","V49","V50"
0,0,0.302469252058045,-0.384997785188428,0,0,0,0,0,0,0,0,-0.410720848394238,0,0,0,0.204242534523674,0,-0.281825531330252,0,0,-2.77555756156289e-17,6.7261560027665e-19,5.91228287789812e-18,-2.88049766402414e-17,-5.67300606345213e-17,3.36354407257331e-17,-8.81236452127715e-18,2.77555756156289e-17,-1.38777878078145e-17,0,4.14788576634739e-17,2.74932253594758e-17,-2.89008890865026e-17,-3.74357593249935e-17,-5.84709615929273e-17,-0.366454794302777,0.26340210975782,0.256299152996713,3.78865022933145e-17,3.99485994504431e-17,0.177538821502398,1.07776593282906e-17,6.70903547072296e-18,-4.16333634234434e-17,-4.31765507270227e-18,-1.41267383977889e-17,-1.32861274559328e-17,-0.381621741479945,-5.35054536606834e-17
0,0,0,0,0,0,0,-0.362467484729146,2.77555756156289e-17,0.398760164489437,5.03024684030331e-18,0,0.183872686921354,0,0,0,-0.267938923457484,-0.277907503677084,-1.89080346481178e-17,0.366334630548149,-1.38777878078145e-17,0,-1.38777878078145e-17,8.49969379225692e-18,1.96826234766705e-17,5.46533723450513e-17,-2.21757060009366e-17,-0.212531413664447,-1.68700729938671e-17,1.16827232484005e-17,1.51353495178903e-17,-0.279211580873602,-1.4136416989108e-17,2.77555756156289e-17,3.5952031229612e-17,8.32667268468867e-17,-1.38777878078145e-17,2.77555756156289e-17,0.252246141396723,-0.332381708307753,1.66929483839129e-17,-2.77555756156289e-17,-4.28463161365388e-17,2.06972048242116e-17,-0.252907328445824,-3.45383857227492e-17,-9.15479692679984e-18,8.20141556363529e-18,-1.38777878078145e-17,4.69827251773967e-17
0,0,0,0,0,0,0,0,0,0,0,0,0.320475959381227,0,0,0,0,0,-6.93889390390723e-18,0,0,0,-2.22374868089922e-18,-1.38777878078145e-17,3.46944695195361e-18,2.77555756156289e-17,-8.18459217496163e-18,0,0,-0.299498090381101,0,1.2456982710544e-18,8.67361737988404e-19,-1.38777878078145e-17,-1.38777878078145e-17,9.78549172033364e-18,0,0.370789106049648,-1.2456982710544e-18,1.23875769342989e-17,-4.00474267437278e-18,0.324754973189753,0,1.38777878078145e-17,0.36572423217581,1.95610081968963e-18,1.69044800723424e-17,-1.95610081968963e-18,-6.20438291786957e-18,2.37508329412561e-17
0,0,0,0,0,0,0,0,0,0,0,0,0,0,0,0,0,0,0,0,0,-0.32092555372613,0.285649698874279,4.45373673671659e-18,0,3.66630490890621e-17,1.8331524544531e-17,-1.38777878078145e-17,0,-1.38777878078145e-17,-0.405684220601174,2.5786996046103e-17,0.37916574617953,-1.38777878078145e-17,0.192039404434984,0.321344705021171,0,-5.94941599112777e-18,0,-0.319585733268016,7.16209955354471e-17,0.260645421856503,-8.05232808808638e-18,2.77555756156289e-17,8.98325173450198e-18,2.22686836835829e-18,-2.23724462439125e-18,0.260093339844997,3.14462958414151e-17,1.62338005755889e-17
0,0,0,0,0,0,0,0,0,0,0,0.190670799618786,0,-6.93889390390723e-18,0,0,0,0,0,-3.46944695195361e-18,0,-0.235454226528249,8.67361737988404e-18,5.29217779651163e-18,1.32304444912791e-18,-0.330681508840606,7.35057293075613e-18,0.247012962614562,0,-0.269871244339914,0,2.64608889825582e-18,6.93889390390723e-18,-0.444109310074772,0,5.55111512312578e-17,-0.236040804793296,3.33714250704082e-17,-4.55682711139504e-19,2.71211565093831e-17,-1.67057910881325e-17,2.17060452918554e-17,-5.20417042793042e-18,1.43591810395728e-17,0.198835417135507,8.67361737988404e-19,-7.55641244418058e-18,1.73472347597681e-18,-2.62848742453957e-17,1.78029174709076e-17
0,0,0,0,0,0,0.32206848405734,0,0,0,-4.46959808133224e-18,0,0,0,0,0,2.77555756156289e-17,0,0,0,-3.23495017004475e-18,0.326986160656829,0,-0.255488042289149,0,-0.341573929226505,2.60208521396521e-17,2.46929582257499e-18,-2.9693713872643e-18,0.25471934478844,2.77555756156289e-17,-0.49547270815891,1.00015112937863e-18,6.93889390390723e-18,-6.32156994826348e-18,3.09905257856737e-17,-2.00030225875725e-18,0.299142202638828,1.38777878078145e-17,-2.1017055257453e-17,2.98886672657764e-17,7.55621785955098e-18,0.417436613938984,1.2643139896527e-17,-1.48779389371931e-17,9.37406649030463e-18,-7.20687292552164e-17,-1.28776366784358e-17,-8.93919616266448e-18,2.26686535786529e-17
0,0,0,0,0,0,0,0,0.273257545364781,0,1.38777878078145e-17,0,0,0,0,0.432705732539588,0.323657466720713,0,0,0,2.08166817117217e-17,0,-3.79221023145667e-18,-2.77555756156289e-17,0.425636116365648,-1.97093552980829e-19,-8.34395219807367e-18,1.38777878078145e-17,6.45526559006104e-19,0,0.446344880091755,-4.72789470169373e-17,-1.38777878078145e-17,-9.48052557864167e-19,-3.22763279503052e-19,-2.08166817117217e-17,2.61761534921249e-17,-8.72259169962773e-18,3.79221023145667e-18,-1.88918177185241e-18,-3.78411531919867e-17,3.85645340868105e-18,-0.319060986524691,-3.45098631530347e-18,-2.99732930869933e-18,5.4376443190549e-18,1.2432269796946e-16,-8.24796692553524e-18,2.77555756156289e-17,2.40044739566446e-18
0,0,0,0,0,0,0,0,0.238981827375899,0,1.38777878078145e-17,0,0,0,0,-0.214228297806562,0,0,-1.38777878078145e-17,0,0,0,-0.306392472777775,1.38777878078145e-17,7.24470962732151e-18,2.50346972340637e-18,1.33813557152496e-17,0,3.16363122853933e-18,0,1.52907861707141e-19,7.93175808903695e-18,-4.85722573273506e-17,-8.29134772561618e-19,1.52907861707141e-19,0.372898513228593,-0.313459184521629,0.420529118273987,3.31653909024647e-18,-2.1122497435136e-17,3.10721147058754e-17,-0.247383201081061,-4.82664416039363e-17,-1.21554608143404e-17,-2.97889224316758e-17,-2.72619323710643e-18,2.82108056406936e-19,-4.01265253746538e-18,-0.286530241103275,-3.01072336683219e-18
0,0,0,0,0,0,0,0,0,0,-0.41282516066422,0,0,0,0,0,-0.353876736244629,0,0.328679822143273,0,0,0,1.38777878078145e-17,-0.349439686756109,2.77555756156289e-17,-2.08745683468222e-17,2.55733744108289e-18,0,-2.77555756156289e-17,0,1.38777878078145e-17,-3.4562473458447e-18,0.228357103736179,3.46944695195361e-18,1.38777878078145e-17,0.196464681013745,2.2026475634204e-17,2.86454999071248e-18,-1.38777878078145e-17,-3.37387226011447e-17,-1.38777878078145e-17,4.62649997946039e-18,2.77555756156289e-17,-3.06201256063414e-17,2.91878506109852e-17,2.28067441420727e-18,-1.5243293967864e-17,2.8573649341329e-17,0.356549921744449,3.97291502965632e-17
0,0,0,0,0,0,0,0,0,0,0,0,0.288301302634707,0,0,-0.297803086574898,0,-1.38777878078145e-17,-1.38777878078145e-17,0,0,0,-3.08751793315565e-19,-2.77555756156289e-17,3.85185988877447e-34,3.46944695195361e-17,-7.74444761247534e-18,0.218727587818368,0,1.99079829069248e-17,0,7.08104652043032e-18,-6.93889390390723e-18,-0.350924322079001,0,-4.96930576727689e-18,6.93889390390723e-18,-1.61522963169957e-17,0.312331130612408,-1.28775417321442e-17,3.12205296343446e-17,-0.228394629684806,-0.340620788270862,-0.387752757687523,1.38777878078145e-17,2.09628671245435e-18,-3.12242843835838e-17,-1.27370808079778e-19,-1.66343133366748e-18,5.19015928555094e-17
0,0,0,0,0,0,0,0,0,0,0,0,0,0,0,0,0,0,0,0,0,0,0,0,0,0,0,0,-0.310529851229968,0,0,0,0,0,0.229306838169882,-2.77555756156289e-17,-1.38777878078145e-17,6.93889390390723e-18,0,-1.38777878078145e-17,-0.151883533035239,5.25885304109108e-18,0.49356264407866,-6.93889390390723e-18,3.46944695195361e-18,0,-2.77555756156289e-17,1.38777878078145e-17,-2.4176763437354e-17,4.30946738336169e-18
0,0,0,0,0,0,0,0,0,0,0,0,0,0.302106944469628,0,0,0,0,0,0,0,0,4.19257607061668e-18,-2.77555756156289e-17,-6.93889390390723e-18,0,-1.82165625197929e-17,-1.38777878078145e-17,0,5.56573498726196e-18,0.236801364530239,-1.38777878078145e-17,0.198964925532475,0,0,-0.381221780702865,-0.38617643448536,6.93889390390723e-18,2.74631783329055e-18,-4.37296514587517e-17,2.21167413076861e-17,7.73512234325116e-18,4.19257607061668e-18,1.0846936779946e-18,-7.23129118663069e-19,0,-1.04083408558608e-17,0,8.32667268468867e-17,9.8314103785595e-18
0,0,0,0,0,0,0,0,0,0,0,0,0,0,0,0,0,-0.422831041074398,0,0,0,0,1.07093443731945e-18,0.322991508518994,1.17359189331755e-17,0.198893575983066,-6.93889390390723e-18,0,0,2.72201083969692e-17,0,6.93889390390723e-18,0,0.335622578802031,0.271655965021442,-3.46944695195361e-18,-0.187602364931342,-1.46520017506438e-17,4.79702502926832e-18,-5.35467218659727e-19,-4.16333634234434e-17,-2.93397973329389e-18,-0.384040707652644,7.03676775257794e-19,0.30340140809534,-2.70220806823054e-17,7.31150296310211e-17,1.60196566824534e-17,7.39486027518319e-18,-4.16333634234434e-17
0,0,0,0,0,0,0,0,0,0,0,0,0,0,0,0,0,0,-0.34644206730258,0.330620664045902,0,0,-1.38777878078145e-17,-0.394551233603211,0,-0.133687842431736,8.32667268468867e-17,0.362968953121996,0,-9.2330356141611e-18,0,0,0.227054274888549,0,0.208176032980505,6.93889390390723e-18,0,7.54559864735417e-18,1.38777878078145e-17,1.96052561676685e-18,3.92294386745805e-17,-4.85722573273506e-17,-1.38777878078145e-17,-1.7182485159533e-17,8.10654367738547e-18,-2.40392474886289e-18,0,0,0.491262564533356,-5.55111512312578e-17
0,0,0,0,0,0,0,0,0,0,0,0,0,0,0,0,-0.278632250400266,0,0,0,-2.77555756156289e-17,0,0,-7.33624619942233e-18,-0.195512564880002,0.264079230895141,-0.434091209591608,0,-2.77555756156289e-17,0,-1.38777878078145e-17,8.11022469318869e-19,-1.38777878078145e-17,3.46944695195361e-18,0,-2.32334312413896e-17,1.38777878078145e-17,0,0,-1.0610304572516e-17,1.19443881840801e-17,8.87229352764159e-18,-3.64558739224335e-17,-0.259995556704849,0,2.60208521396521e-18,2.50274714008643e-18,-0.282899497695012,1.05224105393685e-17,-2.79691996691298e-18
0,0,0,0,0,0,0,0,0,0,0,0,0,0,0,0,0,0,0,0,0,0,0.226277611301198,1.38777878078145e-17,0,4.16333634234434e-17,1.38777878078145e-17,-0.188990253433708,-0.185697435095439,-0.376281182836602,0,-2.77555756156289e-17,0,0,0,-6.93889390390723e-18,-1.38777878078145e-17,2.01582531584087e-17,0.455688761576985,0,6.28046535059429e-18,-6.08457684176618e-18,3.85185988877447e-34,9.46720268822598e-18,2.14711660949637e-17,3.46944695195361e-18,1.31685710662588e-18,-2.01582531584087e-17,-1.2289202911976e-17,1.92592994438724e-34
0,0,0,0,0,0,0,0,0,0,0,0,0,0,0,0,0,0,0,0,0.260366907843524,0,0,-1.38777878078145e-17,0,-1.4386974727559e-19,7.22663339845841e-18,0,-0.258845366615086,0,0.291144021747298,-9.76681141157426e-18,-0.389500494230679,0,0,-3.25364233104023e-18,3.6133166992292e-18,0.284777157250072,0,-1.38777878078145e-17,2.87739494551181e-19,6.93889390390723e-18,-3.84516559660409e-17,-0.201513433076836,0.211224498078774,0,-1.0696080350412e-17,-1.38777878078145e-17,-7.71764988232437e-18,-1.04083408558608e-17
0,0,0,0,0,0,0,0,0,0,0,0,0,0,0,0,0,0,-0.364996330424176,0,0,0,-1.38777878078145e-17,0,2.77555756156289e-17,1.06859984632064e-17,0,0,0,6.93889390390723e-18,0,0,0,0,-0.381978616945507,0,0,8.53478857621126e-18,2.77555756156289e-17,1.87355227964958e-18,0.227901936257522,-6.93889390390723e-18,0,2.45637862710208e-17,-5.67255849784282e-18,-7.97947336152018e-19,4.16333634234434e-17,-2.77555756156289e-17,2.01575631792424e-17,0
0,0,0,0,0,0,0,0,0,0,0,0,0,0,0,0,0,0,0,0,0,0,-0.309869016006386,0,0.42726889819429,-2.77555756156289e-17,-0.387716698045609,0,0,0,0,0.401637940094805,0,0,0,0,0,5.27719490310868e-18,0.360468612637275,-1.38777878078145e-17,-1.5539486808613e-17,-0.161260712377109,0.355924489052608,-2.01216622613047e-17,1.64973635422633e-18,-6.93889390390723e-18,0.239504445909994,-0.394402973703699,-7.35633631450277e-18,-0.337465446666941
0,0,0,0,0,0,0,0,0,0,0,0,0,0,0,0,0,0,0,0,0,0,0,0.351344153107496,0,1.38777878078145e-17,0.275921861887487,0,0,6.93889390390723e-18,0,0,0,0,0,0,0,-2.43793980217105e-18,0,5.15753574891281e-19,0,-1.21896990108553e-18,9.75175920868421e-18,-5.25080510694804e-18,-1.10192118592524e-18,0.256248912683733,-2.77555756156289e-17,1.38311531287968e-18,2.45312720591897e-18,1.18147735082493e-17
0,0,0,0,0,0,0,0,0,0,0,0,0,0,0,0,0,0,0,0,0,0,0,-0.299156213593921,0,1.38777878078145e-17,-2.77555756156289e-17,0,-0.274273612920363,0,0,8.67361737988404e-19,-0.316334653832448,0,0,-2.08166817117217e-17,-1.38777878078145e-17,5.54526017877644e-18,0,1.03790661341141e-18,-2.77555756156289e-17,0.182159350041545,1.94523227083376e-17,-7.67581756772797e-18,1.23040753014445e-18,0,2.77555756156289e-17,0.26652801441226,3.90120810767328e-18,-4.15162645364566e-18
0,0,0,0,0,0,0,0,0,0,0,0,0,0,0,0,0,0,0,0,0,0,0.223355886110097,1.38777878078145e-17,0,2.77555756156289e-17,1.38777878078145e-17,-0.221316896026493,0,-0.291545722378262,0,-2.77555756156289e-17,-1.38777878078145e-17,0,-0.217940943205531,-6.93889390390723e-18,0,6.1993711861246e-18,0,-6.93889390390723e-18,-7.39522717782627e-19,-0.298293582062548,-3.46944695195361e-18,0.391235781032404,4.22793970213925e-17,6.93889390390723e-18,8.41793933947248e-18,7.39522717782629e-19,3.48189232129139e-19,-3.46944695195361e-18
0,0,0,0,0,0,0,0,0,0,0,0,0,0,0,0,0,0,0,0,0,0,0,-0.408140927344908,0,-0.281600796491393,-0.325374459799237,0,0,0.277517341058087,0,0.185564704988902,0.405330854557962,0,0,0,0,-2.49235290229403e-17,0,-0.277666740172477,-2.77555756156289e-17,2.42530025017494e-17,-1.13281863707545e-17,4.58238046792911e-17,-1.20995681242658e-17,0,5.55111512312578e-17,3.30795950121923e-17,9.77281616523418e-18,-5.66409318537725e-18
0,0,0,0,0,0,0,0,0,0,0,0,0,0,0,0,0,0,0,0,0,0,0,0,0,0.275858511176921,-0.458340674840062,0,0,0,0,0,0,0,0,0,0,6.93889390390723e-18,0,7.29775283504654e-18,-0.317023754188919,3.46944695195361e-18,-2.77555756156289e-17,3.08661636364432e-17,-2.09961111772913e-17,-0.266790200896096,0.34638119131439,-3.58858931139307e-19,-2.23518974572813e-17,-1.38777878078145e-17
0,0,0,0,0,0,0,0,0,0,0,0,0,0,0,0,0,0,0,0,0,0,0,0,0,0,0,0,0,0,0,0,0,0,0,-0.16302755220552,0,0,0,0,-0.297506788429804,4.67643212757163e-18,0,2.2624617763356e-18,-5.62031564538813e-18,0,0.340161777519574,0,-1.50090186959823e-17,5.27738300358795e-19
0,0,0,0,0,0,0,0,0,0,0,0,0,0,0,0,0,0,0,0,0,0,0,0,0,0,0.34519692718092,0,0,-0.362102102953068,0,0,0,0,0,-0.378764004882495,0,0,0,-1.38777878078145e-17,-1.04083408558608e-17,-1.02815826385433e-17,0,1.38777878078145e-17,-1.61800212130482e-18,0,-1.7647042825824e-17,1.38777878078145e-17,-5.20562003725792e-18,-0.325016897423695
0,0,0,0,0,0,0,0,0,0,0,0,0,0,0,0,0,0,0,0,0,0,0,0,0,0,0,0,0,0,0,0,0,0,0,0,0,0,0,0,0,0,0.47239823421797,0,0,0,0,0,1.38777878078145e-17,-2.77555756156289e-17
0,0,0,0,0,0,0,0,0,0,0,0,0,0,0,0,0,0,0,0,0,0,0,0,0,0,0,0,0,0,0,0.292662165386035,0,0,0,0,0,0,0,0,1.38777878078145e-17,0.275130091435372,0,0,0.192281806388329,0,1.01537585765072e-18,0.235863548760495,-6.93889390390723e-18,0
0,0,0,0,0,0,0,0,0,0,0,0,0,0,0,0,0,0,0,0,0,0,0,0,0,0,0,0,0,0,0,0,-0.426341322321765,0,0,-0.45337679924176,0.398430091668658,0,0,-0.335318600006763,1.51718415819024e-17,-2.77555756156289e-17,4.11976263294417e-18,1.00694995062521e-17,1.28463090501079e-17,0.239955276295863,-5.18076883607701e-18,0,-5.50817797131765e-17,1.4640326556252e-17
0,0,0,0,0,0,0,0,0,0,0,0,0,0,0,0,0,0,0,0,0,0,0,0,0,0,0,0,0,0,0,-0.163893113753824,0,0,0,0,0,0.382811507007631,0,0,0,2.05994278611027e-18,-2.77555756156289e-17,0.26485571857692,-2.76758181646555e-17,0,-2.019260888326e-17,-0.19491382759809,-8.13158519632826e-19,-0.31638541916286
0,0,0,0,0,0,0,0,0,0,0,0,0,0,0,0,0,0,0,0,0,0,0,0,0,0,0,0,0,0,0,0.334858948741367,0,-0.25472023674992,0,0,-0.199741218312062,0,0,3.46944695195361e-18,2.77555756156289e-17,-9.07888588438993e-18,1.26394852745287e-18,4.53944294219497e-18,-9.24184267723826e-18,0,1.48307519437438e-19,0,3.32631996322766e-19,2.77555756156289e-17
0,0,0,0,0,0,0,0,0,0,0,0,0,0,0,0,0,0,0,0,0,0,0,0,0,0,0,0,0,0,0,0,0,0,0,0,0,0,0,0,-0.267533165036985,0,0,0,4.86643087965336e-19,0,-3.46944695195361e-18,0,0,0
0,0,0,0,0,0,0,0,0,0,0,0,0,0,0,0,0,0,0,0,0,0,0,0,0,0,0,0,0,0,0,0,0,0,0,0,0,0,0,0,0,0.173199498439724,0,0,0,0,0,0.323183067771676,0,0
0,0,0,0,0,0,0,0,0,0,0,0,0,0,0,0,0,0,0,0,0,0,0,0,0,0,0,0,0,0,0,0,0,0,0,0.350188065820505,0,0.290212624120535,0,0,-4.1581164672426e-18,3.06457551255288e-18,-2.77555756156289e-17,-1.94845098307251e-18,-1.52585699233162e-17,0,-1.38061316383475e-17,0,9.74225491536253e-19,-0.307365603984732
0,0,0,0,0,0,0,0,0,0,0,0,0,0,0,0,0,0,0,0,0,0,0,0,0,0,0,0,0,0,0,0,0,0,0,0,0,0,0,0,0,0,0,0,0,0,0,-0.566547580904311,0,0
0,0,0,0,0,0,0,0,0,0,0,0,0,0,0,0,0,0,0,0,0,0,0,0,0,0,0,0,0,0,0,0,0,0,0,0,0,0,0,-0.28412115330239,-2.77555756156289e-17,-1.38777878078145e-17,0,2.17637339622986e-17,3.94297307724209e-18,0,3.70621001459785e-18,0,9.47052250576955e-19,1.38777878078145e-17
0,0,0,0,0,0,0,0,0,0,0,0,0,0,0,0,0,0,0,0,0,0,0,0,0,0,0,0,0,0,0,0,0,0,0,0,0,0.414926751117737,0,-0.200445851969276,0,-1.04807793922355e-17,-2.77555756156289e-17,1.36830124011891e-17,-2.77555756156289e-17,0,-6.58377282697419e-18,0,-0.366660918181697,8.11952240001666e-18
0,0,0,0,0,0,0,0,0,0,0,0,0,0,0,0,0,0,0,0,0,0,0,0,0,0,0,0,0,0,0,0,0,0,0,0,0,0,0,-0.301658981851987,0,-4.16333634234434e-17,-0.340277143410129,2.22505064887409e-17,0.347811680760491,0,7.14821187093039e-17,0,1.43382477701922e-18,1.38777878078145e-17
0,0,0,0,0,0,0,0,0,0,0,0,0,0,0,0,0,0,0,0,0,0,0,0,0,0,0,0,0,0,0,0,0,0,0,0,0,0,0,0,0,0,0,0,0,0,0,0,0,0
0,0,0,0,0,0,0,0,0,0,0,0,0,0,0,0,0,0,0,0,0,0,0,0,0,0,0,0,0,0,0,0,0,0,0,0,0,0,0,0,0.488958281961678,-0.378921276782913,0,2.77555756156289e-17,3.06469239939109e-19,0,6.93889390390723e-18,0,2.77555756156289e-17,0.312895137145605
0,0,0,0,0,0,0,0,0,0,0,0,0,0,0,0,0,0,0,0,0,0,0,0,0,0,0,0,0,0,0,0,0,0,0,0,0,0,0,0,0,0,0,0.480340594671699,2.77555756156289e-17,0,0,0,0.277246271499033,0
0,0,0,0,0,0,0,0,0,0,0,0,0,0,0,0,0,0,0,0,0,0,0,0,0,0,0,0,0,0,0,0,0,0,0,0,0,0,0,0,0,0,0,0,0,0,0,0,0,0
0,0,0,0,0,0,0,0,0,0,0,0,0,0,0,0,0,0,0,0,0,0,0,0,0,0,0,0,0,0,0,0,0,0,0,0,0,0,0,0,0,0,0,0,0,0,-0.28610587554603,0,0.212236548568306,0.280079974168726
0,0,0,0,0,0,0,0,0,0,0,0,0,0,0,0,0,0,0,0,0,0,0,0,0,0,0,0,0,0,0,0,0,0,0,0,0,0,0,0,0,0,0,0,0.47503304347363,0,0,0,0,0
0,0,0,0,0,0,0,0,0,0,0,0,0,0,0,0,0,0,0,0,0,0,0,0,0,0,0,0,0,0,0,0,0,0,0,0,0,0,0,0,0,0,0,0,0,0,-0.382735343097444,0,0,0
0,0,0,0,0,0,0,0,0,0,0,0,0,0,0,0,0,0,0,0,0,0,0,0,0,0,0,0,0,0,0,0,0,0,0,0,0,0,0,0,0,0,0,0,0,0,0,0,0,0
0,0,0,0,0,0,0,0,0,0,0,0,0,0,0,0,0,0,0,0,0,0,0,0,0,0,0,0,0,0,0,0,0,0,0,0,0,0,0,0,0,0,0,0,0,0,0,0,0,0
0,0,0,0,0,0,0,0,0,0,0,0,0,0,0,0,0,0,0,0,0,0,0,0,0,0,0,0,0,0,0,0,0,0,0,0,0,0,0,0,0,0,0,0,0,0,0,0,0,0
0,0,0,0,0,0,0,0,0,0,0,0,0,0,0,0,0,0,0,0,0,0,0,0,0,0,0,0,0,0,0,0,0,0,0,0,0,0,0,0,0,0,0,0,0,0,0,0,0,0
0,0,0,0,0,0,0,0,0,0,0,0,0,0,0,0,0,0,0,0,0,0,0,0,0,0,0,0,0,0,0,0,0,0,0,0,0,0,0,0,0,0,0,0,0,0,0,0,0,0
